Date,Value,Minwage,CPI,Leg_Immi,CurrenACT,NASDAQ,t
1/1/1955,4.9,0.75,26.77,237790,,,1
2/1/1955,4.7,0.75,26.82,244776.25,,,2
3/1/1955,4.6,0.75,26.79,251762.5,,,3
4/1/1955,4.7,0.75,26.79,258748.75,,,4
5/1/1955,4.3,0.75,26.77,265735,,,5
6/1/1955,4.2,0.75,26.71,272721.25,,,6
7/1/1955,4,0.75,26.76,279707.5,,,7
8/1/1955,4.2,0.75,26.72,286693.75,,,8
9/1/1955,4.1,0.75,26.85,293680,,,9
10/1/1955,4.3,0.75,26.82,300666.25,,,10
11/1/1955,4.2,0.75,26.88,307652.5,,,11
12/1/1955,4.2,0.75,26.87,314638.75,,,12
1/1/1956,4,0.75,26.83,321625,,,13
2/1/1956,3.9,0.75,26.86,322061.8333,,,14
3/1/1956,4.2,1,26.89,322498.6667,,,15
4/1/1956,4,1,26.93,322935.5,,,16
5/1/1956,4.3,1,27.03,323372.3333,,,17
6/1/1956,4.3,1,27.15,323809.1667,,,18
7/1/1956,4.4,1,27.29,324246,,,19
8/1/1956,4.1,1,27.31,324682.8333,,,20
9/1/1956,3.9,1,27.35,325119.6667,,,21
10/1/1956,3.9,1,27.51,325556.5,,,22
11/1/1956,4.3,1,27.51,325993.3333,,,23
12/1/1956,4.2,1,27.63,326430.1667,,,24
1/1/1957,4.2,1,27.67,326867,,,25
2/1/1957,3.9,1,27.8,320733.5,,,26
3/1/1957,3.7,1,27.86,314600,,,27
4/1/1957,3.9,1,27.93,308466.5,,,28
5/1/1957,4.1,1,28,302333,,,29
6/1/1957,4.3,1,28.11,296199.5,,,30
7/1/1957,4.2,1,28.19,290066,,,31
8/1/1957,4.1,1,28.28,283932.5,,,32
9/1/1957,4.4,1,28.32,277799,,,33
10/1/1957,4.5,1,28.32,271665.5,,,34
11/1/1957,5.1,1,28.41,265532,,,35
12/1/1957,5.2,1,28.47,259398.5,,,36
1/1/1958,5.8,1,28.64,253265,,,37
2/1/1958,6.4,1,28.7,253883.4167,,,38
3/1/1958,6.7,1,28.87,254501.8333,,,39
4/1/1958,7.4,1,28.94,255120.25,,,40
5/1/1958,7.4,1,28.94,255738.6667,,,41
6/1/1958,7.3,1,28.91,256357.0833,,,42
7/1/1958,7.5,1,28.89,256975.5,,,43
8/1/1958,7.4,1,28.94,257593.9167,,,44
9/1/1958,7.1,1,28.91,258212.3333,,,45
10/1/1958,6.7,1,28.91,258830.75,,,46
11/1/1958,6.2,1,28.95,259449.1667,,,47
12/1/1958,6.2,1,28.97,260067.5833,,,48
1/1/1959,6,1,29.01,260686,,,49
2/1/1959,5.9,1,29,261078.6667,,,50
3/1/1959,5.6,1,28.97,261471.3333,,,51
4/1/1959,5.2,1,28.98,261864,,,52
5/1/1959,5.1,1,29.04,262256.6667,,,53
6/1/1959,5,1,29.11,262649.3333,,,54
7/1/1959,5.1,1,29.15,263042,,,55
8/1/1959,5.2,1,29.18,263434.6667,,,56
9/1/1959,5.5,1,29.25,263827.3333,,,57
10/1/1959,5.7,1,29.35,264220,,,58
11/1/1959,5.8,1,29.35,264612.6667,,,59
12/1/1959,5.3,1,29.41,265005.3333,,,60
1/1/1960,5.2,1,29.37,265398,0.26,,61
2/1/1960,4.8,1,29.41,265893.5,0.303333333,,62
3/1/1960,5.4,1,29.41,266389,0.346666667,,63
4/1/1960,5.2,1,29.54,266884.5,0.39,,64
5/1/1960,5.1,1,29.57,267380,0.463333333,,65
6/1/1960,5.4,1,29.61,267875.5,0.536666667,,66
7/1/1960,5.5,1,29.55,268371,0.61,,67
8/1/1960,5.6,1,29.61,268866.5,0.68,,68
9/1/1960,5.5,1,29.61,269362,0.75,,69
10/1/1960,6.1,1,29.75,269857.5,0.82,,70
11/1/1960,6.1,1,29.78,270353,0.85,,71
12/1/1960,6.6,1,29.81,270848.5,0.88,,72
1/1/1961,6.6,1,29.84,271344,0.91,,73
2/1/1961,6.9,1,29.84,272378.9167,0.823333333,,74
3/1/1961,6.9,1,29.84,273413.8333,0.736666667,,75
4/1/1961,7,1,29.81,274448.75,0.65,,76
5/1/1961,7.1,1,29.84,275483.6667,0.63,,77
6/1/1961,6.9,1,29.84,276518.5833,0.61,,78
7/1/1961,7,1,29.92,277553.5,0.59,,79
8/1/1961,6.6,1,29.94,278588.4167,0.583333333,,80
9/1/1961,6.7,1.15,29.98,279623.3333,0.576666667,,81
10/1/1961,6.5,1.15,29.98,280658.25,0.57,,82
11/1/1961,6.1,1.15,29.98,281693.1667,0.523333333,,83
12/1/1961,6,1.15,30.01,282728.0833,0.476666667,,84
1/1/1962,5.8,1.15,30.04,283763,0.43,,85
2/1/1962,5.5,1.15,30.11,285637.75,0.516666667,,86
3/1/1962,5.6,1.15,30.17,287512.5,0.603333333,,87
4/1/1962,5.6,1.15,30.21,289387.25,0.69,,88
5/1/1962,5.5,1.15,30.24,291262,0.67,,89
6/1/1962,5.5,1.15,30.21,293136.75,0.65,,90
7/1/1962,5.4,1.15,30.22,295011.5,0.63,,91
8/1/1962,5.7,1.15,30.28,296886.25,0.58,,92
9/1/1962,5.6,1.15,30.42,298761,0.53,,93
10/1/1962,5.4,1.15,30.38,300635.75,0.48,,94
11/1/1962,5.7,1.15,30.38,302510.5,0.5,,95
12/1/1962,5.5,1.15,30.38,304385.25,0.52,,96
1/1/1963,5.7,1.15,30.44,306260,0.54,,97
2/1/1963,5.9,1.15,30.48,305092.3333,0.613333333,,98
3/1/1963,5.7,1.15,30.51,303924.6667,0.686666667,,99
4/1/1963,5.7,1.15,30.48,302757,0.76,,100
5/1/1963,5.9,1.15,30.51,301589.3333,0.716666667,,101
6/1/1963,5.6,1.15,30.61,300421.6667,0.673333333,,102
7/1/1963,5.6,1.15,30.69,299254,0.63,,103
8/1/1963,5.4,1.15,30.75,298086.3333,0.693333333,,104
9/1/1963,5.5,1.25,30.72,296918.6667,0.756666667,,105
10/1/1963,5.5,1.25,30.75,295751,0.82,,106
11/1/1963,5.7,1.25,30.78,294583.3333,0.926666667,,107
12/1/1963,5.5,1.25,30.88,293415.6667,1.033333333,,108
1/1/1964,5.6,1.25,30.94,292248,1.14,,109
2/1/1964,5.4,1.25,30.91,292618.75,1.06,,110
3/1/1964,5.4,1.25,30.94,292989.5,0.98,,111
4/1/1964,5.3,1.25,30.95,293360.25,0.9,,112
5/1/1964,5.1,1.25,30.98,293731,0.933333333,,113
6/1/1964,5.2,1.25,31.01,294101.75,0.966666667,,114
7/1/1964,4.9,1.25,31.02,294472.5,1,,115
8/1/1964,5,1.25,31.05,294843.25,0.983333333,,116
9/1/1964,5.1,1.25,31.08,295214,0.966666667,,117
10/1/1964,5.1,1.25,31.12,295584.75,0.95,,118
11/1/1964,4.8,1.25,31.21,295955.5,0.866666667,,119
12/1/1964,5,1.25,31.25,296326.25,0.783333333,,120
1/1/1965,4.9,1.25,31.28,296697,0.7,,121
2/1/1965,5.1,1.25,31.28,298892.25,0.753333333,,122
3/1/1965,4.7,1.25,31.31,301087.5,0.806666667,,123
4/1/1965,4.8,1.25,31.38,303282.75,0.86,,124
5/1/1965,4.6,1.25,31.48,305478,0.806666667,,125
6/1/1965,4.6,1.25,31.61,307673.25,0.753333333,,126
7/1/1965,4.4,1.25,31.58,309868.5,0.7,,127
8/1/1965,4.4,1.25,31.55,312063.75,0.69,,128
9/1/1965,4.3,1.25,31.62,314259,0.68,,129
10/1/1965,4.2,1.25,31.65,316454.25,0.67,,130
11/1/1965,4.1,1.25,31.75,318649.5,0.61,,131
12/1/1965,4,1.25,31.85,320844.75,0.55,,132
1/1/1966,4,1.25,31.88,323040,0.49,,133
2/1/1966,3.8,1.25,32.08,326284.3333,0.456666667,,134
3/1/1966,3.8,1.25,32.18,329528.6667,0.423333333,,135
4/1/1966,3.8,1.25,32.28,332773,0.39,,136
5/1/1966,3.9,1.25,32.35,336017.3333,0.34,,137
6/1/1966,3.8,1.25,32.38,339261.6667,0.29,,138
7/1/1966,3.8,1.25,32.45,342506,0.24,,139
8/1/1966,3.8,1.25,32.65,345750.3333,0.283333333,,140
9/1/1966,3.7,1.25,32.75,348994.6667,0.326666667,,141
10/1/1966,3.7,1.25,32.85,352239,0.37,,142
11/1/1966,3.6,1.25,32.88,355483.3333,0.383333333,,143
12/1/1966,3.8,1.25,32.92,358727.6667,0.396666667,,144
1/1/1967,3.9,1.25,32.9,361972,0.41,,145
2/1/1967,3.8,1.4,33,369678.3333,0.376666667,,146
3/1/1967,3.8,1.4,33,377384.6667,0.343333333,,147
4/1/1967,3.8,1.4,33.1,385091,0.31,,148
5/1/1967,3.8,1.4,33.1,392797.3333,0.293333333,,149
6/1/1967,3.9,1.4,33.3,400503.6667,0.276666667,,150
7/1/1967,3.8,1.4,33.4,408210,0.26,,151
8/1/1967,3.8,1.4,33.5,415916.3333,0.243333333,,152
9/1/1967,3.8,1.4,33.6,423622.6667,0.226666667,,153
10/1/1967,4,1.4,33.7,431329,0.21,,154
11/1/1967,3.9,1.4,33.9,439035.3333,0.17,,155
12/1/1967,3.8,1.4,34,446741.6667,0.13,,156
1/1/1968,3.7,1.4,34.1,454448,0.09,,157
2/1/1968,3.8,1.6,34.2,446458.9167,0.106666667,,158
3/1/1968,3.7,1.6,34.3,438469.8333,0.123333333,,159
4/1/1968,3.5,1.6,34.4,430480.75,0.14,,160
5/1/1968,3.5,1.6,34.5,422491.6667,0.113333333,,161
6/1/1968,3.7,1.6,34.7,414502.5833,0.086666667,,162
7/1/1968,3.7,1.6,34.9,406513.5,0.06,,163
8/1/1968,3.5,1.6,35,398524.4167,0.033333333,,164
9/1/1968,3.4,1.6,35.1,390535.3333,0.006666667,,165
10/1/1968,3.4,1.6,35.3,382546.25,-0.02,,166
11/1/1968,3.4,1.6,35.4,374557.1667,0.003333333,,167
12/1/1968,3.4,1.6,35.6,366568.0833,0.026666667,,168
1/1/1969,3.4,1.6,35.7,358579,0.05,,169
2/1/1969,3.4,1.6,35.8,359807.9167,0.016666667,,170
3/1/1969,3.4,1.6,36.1,361036.8333,-0.016666667,,171
4/1/1969,3.4,1.6,36.3,362265.75,-0.05,,172
5/1/1969,3.4,1.6,36.4,363494.6667,-0.026666667,,173
6/1/1969,3.5,1.6,36.6,364723.5833,-0.003333333,,174
7/1/1969,3.5,1.6,36.8,365952.5,0.02,,175
8/1/1969,3.5,1.6,36.9,367181.4167,0.06,,176
9/1/1969,3.7,1.6,37.1,368410.3333,0.1,,177
10/1/1969,3.7,1.6,37.3,369639.25,0.14,,178
11/1/1969,3.5,1.6,37.5,370868.1667,0.173333333,,179
12/1/1969,3.5,1.6,37.7,372097.0833,0.206666667,,180
1/1/1970,3.9,1.6,37.9,373326,0.24,,181
2/1/1970,4.2,1.6,38.1,373088.6667,0.28,,182
3/1/1970,4.4,1.6,38.3,372851.3333,0.32,,183
4/1/1970,4.6,1.6,38.5,372614,0.36,,184
5/1/1970,4.8,1.6,38.6,372376.6667,0.303333333,,185
6/1/1970,4.9,1.6,38.8,372139.3333,0.246666667,,186
7/1/1970,5,1.6,38.9,371902,0.19,,187
8/1/1970,5.1,1.6,39,371664.6667,0.153333333,,188
9/1/1970,5.4,1.6,39.2,371427.3333,0.116666667,,189
10/1/1970,5.5,1.6,39.4,371190,0.08,,190
11/1/1970,5.9,1.6,39.6,370952.6667,0.133333333,,191
12/1/1970,6.1,1.6,39.8,370715.3333,0.186666667,,192
1/1/1971,5.9,1.6,39.9,370478,0.24,,193
2/1/1971,5.9,1.6,39.9,371661.9167,0.113333333,100,194
3/1/1971,6,1.6,40,372845.8333,-0.013333333,101.78,195
4/1/1971,5.9,1.6,40.1,374029.75,-0.14,106.34,196
5/1/1971,5.9,1.6,40.3,375213.6667,-0.153333333,112.3,197
6/1/1971,5.9,1.6,40.5,376397.5833,-0.166666667,108.87,198
7/1/1971,6,1.6,40.6,377581.5,-0.18,108.47,199
8/1/1971,6.1,1.6,40.7,378765.4167,-0.25,105.27,200
9/1/1971,6,1.6,40.8,379949.3333,-0.32,108.65,201
10/1/1971,5.8,1.6,40.9,381133.25,-0.39,109.58,202
11/1/1971,6,1.6,41,382317.1667,-0.443333333,103.69,203
12/1/1971,6,1.6,41.1,383501.0833,-0.496666667,105.06,204
1/1/1972,5.8,1.6,41.2,384685,-0.55,114.12,205
2/1/1972,5.7,1.6,41.4,385837.5,-0.543333333,119.58,206
3/1/1972,5.8,1.6,41.4,386990,-0.536666667,126.29,207
4/1/1972,5.7,1.6,41.5,388142.5,-0.53,128.14,208
5/1/1972,5.7,1.6,41.6,389295,-0.486666667,130.16,209
6/1/1972,5.7,1.6,41.7,390447.5,-0.443333333,133.13,210
7/1/1972,5.6,1.6,41.8,391600,-0.4,130.08,211
8/1/1972,5.6,1.6,41.9,392752.5,-0.38,128.45,212
9/1/1972,5.5,1.6,42.1,393905,-0.36,130.7,213
10/1/1972,5.6,1.6,42.2,395057.5,-0.34,129.61,214
11/1/1972,5.3,1.6,42.4,396210,-0.213333333,131.59,215
12/1/1972,5.2,1.6,42.5,397362.5,-0.086666667,133.94,216
1/1/1973,4.9,1.6,42.7,398515,0.04,133.73,217
2/1/1973,5,1.6,43,398132,0.11,126.94,218
3/1/1973,4.9,1.6,43.4,397749,0.18,119.53,219
4/1/1973,5,1.6,43.7,397366,0.25,117.46,220
5/1/1973,4.9,1.6,43.9,396983,0.42,107.96,221
6/1/1973,4.9,1.6,44.2,396600,0.59,102.3,222
7/1/1973,4.8,1.6,44.2,396217,0.76,100.98,223
8/1/1973,4.8,1.6,45,395834,0.81,107.13,224
9/1/1973,4.8,1.6,45.2,395451,0.86,104.87,225
10/1/1973,4.6,1.6,45.6,395068,0.91,110.97,226
11/1/1973,4.8,1.6,45.9,394685,0.75,109.62,227
12/1/1973,4.9,1.6,46.3,394302,0.59,93.51,228
1/1/1974,5.1,1.6,46.8,393919,0.43,92.19,229
2/1/1974,5.2,1.6,47.3,393207.25,0.296666667,94.15,230
3/1/1974,5.1,1.6,47.8,392495.5,0.163333333,94.05,231
4/1/1974,5.1,1.6,48.1,391783.75,0.03,91.9,232
5/1/1974,5.1,2,48.6,391072,-0.006666667,87.63,233
6/1/1974,5.4,2,49,390360.25,-0.043333333,80.2,234
7/1/1974,5.5,2,49.3,389648.5,-0.08,75.39,235
8/1/1974,5.5,2,49.9,388936.75,-0.01,69.63,236
9/1/1974,5.9,2,50.6,388225,0.06,62.37,237
10/1/1974,6,2,51,387513.25,0.13,55.48,238
11/1/1974,6.6,2,51.5,386801.5,0.433333333,65.06,239
12/1/1974,7.2,2,51.9,386089.75,0.736666667,62.95,240
1/1/1975,8.1,2.1,52.3,385378,1.04,59.82,241
2/1/1975,8.1,2.1,52.6,394854.25,1.096666667,69.78,242
3/1/1975,8.6,2.1,52.8,404330.5,1.153333333,73,243
4/1/1975,8.8,2.1,53,413806.75,1.21,75.42,244
5/1/1975,9,2.1,53.1,423283,1.123333333,79.27,245
6/1/1975,8.8,2.1,53.5,432759.25,1.036666667,83.1,246
7/1/1975,8.6,2.1,54,442235.5,0.95,86.33,247
8/1/1975,8.4,2.1,54.2,451711.75,0.996666667,81.62,248
9/1/1975,8.4,2.1,54.6,461188,1.043333333,79.01,249
10/1/1975,8.4,2.1,54.9,470664.25,1.09,73.8,250
11/1/1975,8.3,2.1,55.3,480140.5,0.913333333,76.99,251
12/1/1975,8.2,2.1,55.6,489616.75,0.736666667,78.66,252
1/1/1976,7.9,2.3,55.8,499093,0.56,77.62,253
2/1/1976,7.7,2.3,55.9,495731.5,0.493333333,87.05,254
3/1/1976,7.6,2.3,56,492370,0.426666667,90.25,255
4/1/1976,7.7,2.3,56.1,489008.5,0.36,90.44,256
5/1/1976,7.4,2.3,56.4,485647,0.233333333,90.08,257
6/1/1976,7.6,2.3,56.7,482285.5,0.106666667,87.81,258
7/1/1976,7.8,2.3,57,478924,-0.02,90.28,259
8/1/1976,7.8,2.3,57.3,475562.5,-0.003333333,91.29,260
9/1/1976,7.6,2.3,57.6,472201,0.013333333,90.59,261
10/1/1976,7.7,2.3,57.9,468839.5,0.03,90.44,262
11/1/1976,7.8,2.3,58.1,465478,-0.16,90.39,263
12/1/1976,7.8,2.3,58.4,462116.5,-0.35,91.83,264
1/1/1977,7.5,2.3,58.7,458755,-0.54,97.88,265
2/1/1977,7.6,2.3,59.3,469676.25,-0.556666667,96.3,266
3/1/1977,7.4,2.3,59.6,480597.5,-0.573333333,95.14,267
4/1/1977,7.2,2.3,60,491518.75,-0.59,94.54,268
5/1/1977,7,2.3,60.2,502440,-0.566666667,95.48,269
6/1/1977,7.2,2.3,60.5,513361.25,-0.543333333,95.86,270
7/1/1977,6.9,2.3,60.8,524282.5,-0.52,99.9,271
8/1/1977,7,2.3,61.1,535203.75,-0.706666667,100.76,272
9/1/1977,6.8,2.3,61.3,546125,-0.893333333,100.4,273
10/1/1977,6.8,2.3,61.6,557046.25,-1.08,100.85,274
11/1/1977,6.8,2.3,62,567967.5,-1.143333333,96.74,275
12/1/1977,6.4,2.3,62.3,578888.75,-1.206666667,103.68,276
1/1/1978,6.4,2.65,62.7,589810,-1.27,105.05,277
2/1/1978,6.3,2.65,63,573512.8333,-1.063333333,101.54,278
3/1/1978,6.3,2.65,63.4,557215.6667,-0.856666667,101.47,279
4/1/1978,6.1,2.65,63.9,540918.5,-0.65,106.2,280
5/1/1978,6,2.65,64.5,524621.3333,-0.636666667,115.96,281
6/1/1978,5.9,2.65,65,508324.1667,-0.623333333,120.34,282
7/1/1978,6.2,2.65,65.5,492027,-0.61,120.3,283
8/1/1978,5.9,2.65,65.9,475729.8333,-0.443333333,126.81,284
9/1/1978,6,2.65,66.5,459432.6667,-0.276666667,135.35,285
10/1/1978,5.8,2.65,67.1,443135.5,-0.11,132.89,286
11/1/1978,5.9,2.65,67.5,426838.3333,-0.096666667,114.65,287
12/1/1978,6,2.65,67.9,410541.1667,-0.083333333,116.19,288
1/1/1979,5.9,2.9,68.5,394244,-0.07,117.98,289
2/1/1979,5.9,2.9,69.2,405081.5833,-0.083333333,125.76,290
3/1/1979,5.8,2.9,69.9,415919.1667,-0.096666667,123.33,291
4/1/1979,5.8,2.9,70.6,426756.75,-0.11,131.76,292
5/1/1979,5.6,2.9,71.4,437594.3333,-0.026666667,133.79,293
6/1/1979,5.7,2.9,72.2,448431.9167,0.056666667,131.76,294
7/1/1979,5.7,2.9,73,459269.5,0.14,138.13,295
8/1/1979,6,2.9,73.7,470107.0833,0.09,141.9,296
9/1/1979,5.9,2.9,74.4,480944.6667,0.04,150.44,297
10/1/1979,6,2.9,75.2,491782.25,-0.01,149.59,298
11/1/1979,5.9,2.9,76,502619.8333,-0.17,136.42,299
12/1/1979,6,2.9,76.9,513457.4167,-0.33,144.26,300
1/1/1980,6.3,3.1,78,524295,-0.49,151.14,301
2/1/1980,6.3,3.1,79,530188.25,-0.37,162.3,302
3/1/1980,6.3,3.1,80.1,536081.5,-0.25,158.03,303
4/1/1980,6.9,3.1,80.9,541974.75,-0.13,133.14,304
5/1/1980,7.5,3.1,81.7,547868,0.116666667,139.68,305
6/1/1980,7.6,3.1,82.5,553761.25,0.363333333,150.45,306
7/1/1980,7.8,3.1,82.6,559654.5,0.61,158.17,307
8/1/1980,7.7,3.1,83.2,565547.75,0.513333333,172.49,308
9/1/1980,7.5,3.1,83.9,571441,0.416666667,181.52,309
10/1/1980,7.5,3.1,84.7,577334.25,0.32,189.62,310
11/1/1980,7.5,3.1,85.6,583227.5,0.253333333,192.78,311
12/1/1980,7.2,3.1,86.4,589120.75,0.186666667,204.91,312
1/1/1981,7.5,3.35,87.2,595014,0.12,202.34,313
2/1/1981,7.4,3.35,88,589898.1667,0.133333333,197.81,314
3/1/1981,7.4,3.35,88.6,584782.3333,0.146666667,198.01,315
4/1/1981,7.2,3.35,89.1,579666.5,0.16,211.34,316
5/1/1981,7.5,3.35,89.7,574550.6667,0.193333333,216.68,317
6/1/1981,7.5,3.35,90.5,569434.8333,0.226666667,223.02,318
7/1/1981,7.2,3.35,91.5,564319,0.26,214.63,319
8/1/1981,7.4,3.35,92.2,559203.1667,0.203333333,211.63,320
9/1/1981,7.6,3.35,93.1,554087.3333,0.146666667,195.17,321
10/1/1981,7.9,3.35,93.4,548971.5,0.09,181.09,322
11/1/1981,8.3,3.35,93.8,543855.6667,0.05,195.24,323
12/1/1981,8.5,3.35,94.1,538739.8333,0.01,201.13,324
1/1/1982,8.6,3.35,94.4,533624,-0.03,195.84,325
2/1/1982,8.9,3.35,94.7,534993,0.13,186.82,326
3/1/1982,9,3.35,94.7,536362,0.29,180.13,327
4/1/1982,9.3,3.35,95,537731,0.45,177.31,328
5/1/1982,9.4,3.35,95.9,539100,0.14,184.7,329
6/1/1982,9.6,3.35,97,540469,-0.17,177.36,330
7/1/1982,9.8,3.35,97.5,541838,-0.48,170.6,331
8/1/1982,9.8,3.35,97.7,543207,-0.516666667,167.35,332
9/1/1982,10.1,3.35,97.7,544576,-0.553333333,177.3,333
10/1/1982,10.4,3.35,98.1,545945,-0.59,188.7,334
11/1/1982,10.8,3.35,98,547314,-0.49,214.52,335
12/1/1982,10.8,3.35,97.7,548683,-0.39,235.59,336
1/1/1983,10.4,3.35,97.9,550052,-0.29,232.41,337
2/1/1983,10.4,3.35,98,549365.25,-0.483333333,248.15,338
3/1/1983,10.3,3.35,98.1,548678.5,-0.676666667,261.82,339
4/1/1983,10.2,3.35,98.8,547991.75,-0.87,270.8,340
5/1/1983,10.1,3.35,99.2,547305,-1.046666667,293.06,341
6/1/1983,10.1,3.35,99.4,546618.25,-1.223333333,307.95,342
7/1/1983,9.4,3.35,99.8,545931.5,-1.4,321.58,343
8/1/1983,9.5,3.35,100.1,545244.75,-1.476666667,302.08,344
9/1/1983,9.2,3.35,100.4,544558,-1.553333333,294.55,345
10/1/1983,8.8,3.35,100.8,543871.25,-1.63,296.65,346
11/1/1983,8.5,3.35,101.1,543184.5,-1.8,273.04,347
12/1/1983,8.3,3.35,101.4,542497.75,-1.97,286.07,348
1/1/1984,8,3.35,102.1,541811,-2.14,278.6,349
2/1/1984,7.8,3.35,102.6,544005.8333,-2.206666667,266.43,350
3/1/1984,7.8,3.35,102.9,546200.6667,-2.273333333,253.5,351
4/1/1984,7.7,3.35,103.3,548395.5,-2.34,250.78,352
5/1/1984,7.4,3.35,103.5,550590.3333,-2.323333333,250.26,353
6/1/1984,7.2,3.35,103.7,552785.1667,-2.306666667,235.9,354
7/1/1984,7.5,3.35,104.1,554980,-2.29,241.11,355
8/1/1984,7.5,3.35,104.4,557174.8333,-2.38,233.35,356
9/1/1984,7.3,3.35,104.7,559369.6667,-2.47,254.64,357
10/1/1984,7.4,3.35,105.1,561564.5,-2.56,247.86,358
11/1/1984,7.2,3.35,105.3,563759.3333,-2.446666667,247.97,359
12/1/1984,7.3,3.35,105.5,565954.1667,-2.333333333,242.53,360
1/1/1985,7.3,3.35,105.7,568149,-2.22,247.35,361
2/1/1985,7.2,3.35,106.3,570805.5,-2.37,278.43,362
3/1/1985,7.2,3.35,106.8,573462,-2.52,287.16,363
4/1/1985,7.3,3.35,107,576118.5,-2.67,280.32,364
5/1/1985,7.2,3.35,107.2,578775,-2.73,279.63,365
6/1/1985,7.4,3.35,107.5,581431.5,-2.79,290.8,366
7/1/1985,7.4,3.35,107.7,584088,-2.85,296.48,367
8/1/1985,7.1,3.35,107.9,586744.5,-2.936666667,304.01,368
9/1/1985,7.1,3.35,108.1,589401,-3.023333333,297.71,369
10/1/1985,7.1,3.35,108.5,592057.5,-3.11,281.77,370
11/1/1985,7,3.35,109,594714,-3.083333333,294.11,371
12/1/1985,7,3.35,109.5,597370.5,-3.056666667,313.95,372
1/1/1986,6.7,3.35,109.9,600027,-3.03,324.93,373
2/1/1986,7.2,3.35,109.7,600015.5,-3.063333333,335.77,374
3/1/1986,7.2,3.35,109.1,600004,-3.096666667,359.53,375
4/1/1986,7.1,3.35,108.7,599992.5,-3.13,374.15,376
5/1/1986,7.2,3.35,109,599981,-3.183333333,381.67,377
6/1/1986,7.2,3.35,109.4,599969.5,-3.236666667,400.16,378
7/1/1986,7,3.35,109.5,599958,-3.29,407.61,379
8/1/1986,6.9,3.35,109.6,599946.5,-3.313333333,370.66,380
9/1/1986,7,3.35,110,599935,-3.336666667,382.86,381
10/1/1986,7,3.35,110.2,599923.5,-3.36,352.34,382
11/1/1986,6.9,3.35,110.4,599912,-3.346666667,360.77,383
12/1/1986,6.6,3.35,110.8,599900.5,-3.333333333,357.87,384
1/1/1987,6.6,3.35,111.4,599889,-3.32,348.83,385
2/1/1987,6.6,3.35,111.8,603343.75,-3.32,392.06,386
3/1/1987,6.6,3.35,112.2,606798.5,-3.32,424.97,387
4/1/1987,6.3,3.35,112.7,610253.25,-3.32,428.34,388
5/1/1987,6.3,3.35,113,613708,-3.306666667,418.44,389
6/1/1987,6.2,3.35,113.5,617162.75,-3.293333333,415.01,390
7/1/1987,6.1,3.35,113.8,620617.5,-3.28,424.46,391
8/1/1987,6,3.35,114.3,624072.25,-3.283333333,434.93,392
9/1/1987,5.9,3.35,114.7,627527,-3.286666667,452.5,393
10/1/1987,6,3.35,115,630981.75,-3.29,448.45,394
11/1/1987,5.8,3.35,115.4,634436.5,-3.056666667,323.3,395
12/1/1987,5.7,3.35,115.6,637891.25,-2.823333333,305.24,396
1/1/1988,5.7,3.35,116,641346,-2.59,330.47,397
2/1/1988,5.7,3.35,116.2,678748.1667,-2.466666667,346.2,398
3/1/1988,5.7,3.35,116.5,716150.3333,-2.343333333,367.32,399
4/1/1988,5.4,3.35,117.2,753552.5,-2.22,374.64,400
5/1/1988,5.6,3.35,117.5,790954.6667,-2.183333333,379.23,401
6/1/1988,5.4,3.35,118,828356.8333,-2.146666667,374.81,402
7/1/1988,5.4,3.35,118.5,865759,-2.11,394.69,403
8/1/1988,5.6,3.35,119,903161.1667,-2.18,388,404
9/1/1988,5.4,3.35,119.5,940563.3333,-2.25,372.96,405
10/1/1988,5.4,3.35,119.9,977965.5,-2.32,387.71,406
11/1/1988,5.3,3.35,120.3,1015367.667,-2.233333333,382.35,407
12/1/1988,5.3,3.35,120.7,1052769.833,-2.146666667,373.87,408
1/1/1989,5.4,3.35,121.2,1090172,-2.06,381.38,409
2/1/1989,5.2,3.35,121.6,1127313.667,-1.97,403.23,410
3/1/1989,5,3.35,122.2,1164455.333,-1.88,399.8,411
4/1/1989,5.2,3.35,123.1,1201597,-1.79,406.73,412
5/1/1989,5.2,3.35,123.7,1238738.667,-1.706666667,427.47,413
6/1/1989,5.3,3.35,124.1,1275880.333,-1.623333333,448.32,414
7/1/1989,5.2,3.35,124.5,1313022,-1.54,435.29,415
8/1/1989,5.2,3.35,124.5,1350163.667,-1.576666667,453.29,416
9/1/1989,5.3,3.35,124.8,1387305.333,-1.613333333,471.34,417
10/1/1989,5.3,3.35,125.4,1424447,-1.65,472.92,418
11/1/1989,5.4,3.35,125.9,1461588.667,-1.636666667,456.64,419
12/1/1989,5.4,3.35,126.3,1498730.333,-1.623333333,457.1,420
1/1/1990,5.4,3.35,127.5,1535872,-1.61,454.82,421
2/1/1990,5.3,3.35,128,1560098.917,-1.51,417.76,422
3/1/1990,5.2,3.35,128.6,1584325.833,-1.41,427.21,423
4/1/1990,5.4,3.8,128.9,1608552.75,-1.31,435.54,424
5/1/1990,5.4,3.8,129.1,1632779.667,-1.35,421.85,425
6/1/1990,5.2,3.8,129.9,1657006.583,-1.39,462.13,426
7/1/1990,5.5,3.8,130.5,1681233.5,-1.43,462.29,427
8/1/1990,5.7,3.8,131.6,1705460.417,-1.27,435.91,428
9/1/1990,5.9,3.8,132.5,1729687.333,-1.11,381.21,429
10/1/1990,5.9,3.8,133.4,1753914.25,-0.95,354.65,430
11/1/1990,6.2,3.8,133.7,1778141.167,-0.413333333,330.6,431
12/1/1990,6.3,3.8,134.2,1802368.083,0.123333333,359.06,432
1/1/1991,6.4,3.8,134.7,1826595,0.66,373.84,433
2/1/1991,6.6,3.8,134.8,1755499.167,0.493333333,417.69,434
3/1/1991,6.8,3.8,134.8,1684403.333,0.326666667,456.73,435
4/1/1991,6.7,4.25,135.1,1613307.5,0.16,480.86,436
5/1/1991,6.9,4.25,135.6,1542211.667,0.016666667,487.85,437
6/1/1991,6.9,4.25,136,1471115.833,-0.126666667,506.11,438
7/1/1991,6.8,4.25,136.2,1400020,-0.27,481.31,439
8/1/1991,6.9,4.25,136.6,1328924.167,-0.293333333,504.15,440
9/1/1991,6.9,4.25,137,1257828.333,-0.316666667,525.68,441
10/1/1991,7,4.25,137.2,1186732.5,-0.34,528.51,442
11/1/1991,7,4.25,137.8,1115636.667,-0.356666667,540.93,443
12/1/1991,7.3,4.25,138.2,1044540.833,-0.373333333,523.9,444
1/1/1992,7.3,4.25,138.3,973445,-0.39,586.34,445
2/1/1992,7.4,4.25,138.6,967650.9167,-0.503333333,620.21,446
3/1/1992,7.4,4.25,139.1,961856.8333,-0.616666667,633.47,447
4/1/1992,7.4,4.25,139.4,956062.75,-0.73,602.09,448
5/1/1992,7.6,4.25,139.7,950268.6667,-0.783333333,578.14,449
6/1/1992,7.8,4.25,140.1,944474.5833,-0.836666667,588.37,450
7/1/1992,7.7,4.25,140.5,938680.5,-0.89,568.99,451
8/1/1992,7.6,4.25,140.8,932886.4167,-0.966666667,580.83,452
9/1/1992,7.6,4.25,141.1,927092.3333,-1.043333333,565.61,453
10/1/1992,7.3,4.25,141.7,921298.25,-1.12,578.33,454
11/1/1992,7.4,4.25,142.1,915504.1667,-1.04,605.17,455
12/1/1992,7.4,4.25,142.3,909710.0833,-0.96,653.95,456
1/1/1993,7.3,4.25,142.8,903916,-0.88,676.95,457
2/1/1993,7.1,4.25,143.1,895589.0833,-0.99,701.77,458
3/1/1993,7,4.25,143.3,887262.1667,-1.1,669.51,459
4/1/1993,7.1,4.25,143.8,878935.25,-1.21,686.64,460
5/1/1993,7.1,4.25,144.2,870608.3333,-1.216666667,661.42,461
6/1/1993,7,4.25,144.3,862281.4167,-1.223333333,704.28,462
7/1/1993,6.9,4.25,144.5,853954.5,-1.23,703.59,463
8/1/1993,6.8,4.25,144.8,845627.5833,-1.353333333,704.7,464
9/1/1993,6.7,4.25,145,837300.6667,-1.476666667,746.15,465
10/1/1993,6.8,4.25,145.6,828973.75,-1.6,763.23,466
11/1/1993,6.6,4.25,146,820646.8333,-1.533333333,783.77,467
12/1/1993,6.5,4.25,146.3,812319.9167,-1.466666667,763.81,468
1/1/1994,6.6,4.25,146.3,803993,-1.4,776.8,469
2/1/1994,6.6,4.25,146.7,797008.3333,-1.456666667,797.24,470
3/1/1994,6.5,4.25,147.1,790023.6667,-1.513333333,788.64,471
4/1/1994,6.4,4.25,147.2,783039,-1.57,743.46,472
5/1/1994,6.1,4.25,147.5,776054.3333,-1.62,733.84,473
6/1/1994,6.1,4.25,147.9,769069.6667,-1.67,735.52,474
7/1/1994,6.1,4.25,148.4,762085,-1.72,706.85,475
8/1/1994,6,4.25,149,755100.3333,-1.796666667,724.85,476
9/1/1994,5.9,4.25,149.3,748115.6667,-1.873333333,758.95,477
10/1/1994,5.8,4.25,149.4,741131,-1.95,764.29,478
11/1/1994,5.6,4.25,149.8,734146.3333,-1.856666667,772.19,479
12/1/1994,5.5,4.25,150.1,727161.6667,-1.763333333,741.2,480
1/1/1995,5.6,4.25,150.5,720177,-1.67,751.96,481
2/1/1995,5.4,4.25,150.9,736458.9167,-1.673333333,758.31,482
3/1/1995,5.4,4.25,151.2,752740.8333,-1.676666667,791.87,483
4/1/1995,5.8,4.25,151.8,769022.75,-1.68,817.21,484
5/1/1995,5.6,4.25,152.1,785304.6667,-1.586666667,841.63,485
6/1/1995,5.6,4.25,152.4,801586.5833,-1.493333333,868.82,486
7/1/1995,5.7,4.25,152.6,817868.5,-1.4,933.45,487
8/1/1995,5.7,4.25,152.9,834150.4167,-1.33,991.11,488
9/1/1995,5.6,4.25,153.1,850432.3333,-1.26,1019.47,489
10/1/1995,5.5,4.25,153.5,866714.25,-1.19,1043.54,490
11/1/1995,5.6,4.25,153.7,882996.1667,-1.256666667,1040.5,491
12/1/1995,5.6,4.25,153.9,899278.0833,-1.323333333,1055.31,492
1/1/1996,5.6,4.25,154.7,915560,-1.39,1052.13,493
2/1/1996,5.5,4.25,155,905750.5833,-1.42,1069.46,494
3/1/1996,5.5,4.25,155.5,895941.1667,-1.45,1086.08,495
4/1/1996,5.6,4.25,156.1,886131.75,-1.48,1106.57,496
5/1/1996,5.6,4.25,156.4,876322.3333,-1.576666667,1199.66,497
6/1/1996,5.3,4.25,156.7,866512.9167,-1.673333333,1243.43,498
7/1/1996,5.5,4.25,157,856703.5,-1.77,1197.45,499
8/1/1996,5.1,4.25,157.2,846894.0833,-1.686666667,1098.85,500
9/1/1996,5.2,4.25,157.7,837084.6667,-1.603333333,1141.5,501
10/1/1996,5.2,4.75,158.2,827275.25,-1.52,1221.51,502
11/1/1996,5.4,4.75,158.7,817465.8333,-1.586666667,1221.78,503
12/1/1996,5.4,4.75,159.1,807656.4167,-1.653333333,1292.61,504
1/1/1997,5.3,4.75,159.4,797847,-1.72,1291.03,505
2/1/1997,5.2,4.75,159.7,785793.5833,-1.596666667,1379.85,506
3/1/1997,5.2,4.75,159.8,773740.1667,-1.473333333,1309,507
4/1/1997,5.1,4.75,159.9,761686.75,-1.35,1216.93,508
5/1/1997,4.9,4.75,159.9,749633.3333,-1.403333333,1270.5,509
6/1/1997,5,4.75,160.2,737579.9167,-1.456666667,1400.32,510
7/1/1997,4.9,4.75,160.4,725526.5,-1.51,1438.25,511
8/1/1997,4.8,4.75,160.8,713473.0833,-1.66,1594.33,512
9/1/1997,4.9,5.15,161.2,701419.6667,-1.81,1587.32,513
10/1/1997,4.7,5.15,161.5,689366.25,-1.96,1690.3,514
11/1/1997,4.6,5.15,161.7,677312.8333,-1.966666667,1593.61,515
12/1/1997,4.7,5.15,161.8,665259.4167,-1.973333333,1630.72,516
1/1/1998,4.6,5.15,162,653206,-1.98,1570.35,517
2/1/1998,4.6,5.15,162,652504.4167,-2.08,1619.36,518
3/1/1998,4.7,5.15,162,651802.8333,-2.18,1770.51,519
4/1/1998,4.3,5.15,162.2,651101.25,-2.28,1847.66,520
5/1/1998,4.4,5.15,162.6,650399.6667,-2.38,1873.44,521
6/1/1998,4.5,5.15,162.8,649698.0833,-2.48,1746.82,522
7/1/1998,4.5,5.15,163.2,648996.5,-2.58,1914.46,523
8/1/1998,4.5,5.15,163.4,648294.9167,-2.59,1872.39,524
9/1/1998,4.6,5.15,163.5,647593.3333,-2.6,1575.09,525
10/1/1998,4.5,5.15,163.9,646891.75,-2.61,1612.33,526
11/1/1998,4.4,5.15,164.1,646190.1667,-2.633333333,1771.39,527
12/1/1998,4.4,5.15,164.4,645488.5833,-2.656666667,2003.75,528
1/1/1999,4.3,5.15,164.7,644787,-2.68,2192.69,529
2/1/1999,4.4,5.15,164.7,661138.25,-2.783333333,2510.09,530
3/1/1999,4.2,5.15,164.8,677489.5,-2.886666667,2295.18,531
4/1/1999,4.3,5.15,165.9,693840.75,-2.99,2493.37,532
5/1/1999,4.2,5.15,166,710192,-3.103333333,2542.85,533
6/1/1999,4.3,5.15,166,726543.25,-3.216666667,2412.03,534
7/1/1999,4.3,5.15,166.7,742894.5,-3.33,2706.18,535
8/1/1999,4.2,5.15,167.1,759245.75,-3.366666667,2638.49,536
9/1/1999,4.2,5.15,167.8,775597,-3.403333333,2750.8,537
10/1/1999,4.1,5.15,168.1,791948.25,-3.44,2736.85,538
11/1/1999,4.1,5.15,168.4,808299.5,-3.603333333,2967.65,539
12/1/1999,4,5.15,168.8,824650.75,-3.766666667,3353.71,540
1/1/2000,4,5.15,169.3,841002,-3.93,4069.31,541
2/1/2000,4.1,5.15,170,859160.3333,-3.913333333,4051.98,542
3/1/2000,4,5.15,171,877318.6667,-3.896666667,4784.08,543
4/1/2000,3.8,5.15,170.9,895477,-3.88,4572.83,544
5/1/2000,4,5.15,171.2,913635.3333,-3.973333333,3958.08,545
6/1/2000,4,5.15,172.2,931793.6667,-4.066666667,3582.5,546
7/1/2000,4,5.15,172.7,949952,-4.16,3966.11,547
8/1/2000,4.1,5.15,172.7,968110.3333,-4.176666667,3685.52,548
9/1/2000,3.9,5.15,173.6,986268.6667,-4.193333333,4234.33,549
10/1/2000,3.9,5.15,173.9,1004427,-4.21,3672.82,550
11/1/2000,3.9,5.15,174.2,1022585.333,-4.17,3333.39,551
12/1/2000,3.9,5.15,174.6,1040743.667,-4.13,2645.29,552
1/1/2001,4.2,5.15,175.6,1058902,-4.09,2470.52,553
2/1/2001,4.2,5.15,176,1058939.833,-3.943333333,2782.79,554
3/1/2001,4.3,5.15,176.1,1058977.667,-3.796666667,2183.37,555
4/1/2001,4.4,5.15,176.4,1059015.5,-3.65,1840.26,556
5/1/2001,4.3,5.15,177.3,1059053.333,-3.743333333,2168.24,557
6/1/2001,4.5,5.15,177.7,1059091.167,-3.836666667,2149.44,558
7/1/2001,4.6,5.15,177.4,1059129,-3.93,2160.54,559
8/1/2001,4.9,5.15,177.4,1059166.833,-3.713333333,2068.38,560
9/1/2001,5,5.15,178.1,1059204.667,-3.496666667,1805.43,561
10/1/2001,5.3,5.15,177.6,1059242.5,-3.28,1480.46,562
11/1/2001,5.5,5.15,177.5,1059280.333,-3.466666667,1746.3,563
12/1/2001,5.7,5.15,177.4,1059318.167,-3.653333333,1930.58,564
1/1/2002,5.7,5.15,177.7,1059356,-3.84,1950.4,565
2/1/2002,5.7,5.15,178,1029704.833,-3.966666667,1911.24,566
3/1/2002,5.7,5.15,178.5,1000053.667,-4.093333333,1802.74,567
4/1/2002,5.9,5.15,179.3,970402.5,-4.22,1862.62,568
5/1/2002,5.8,5.15,179.5,940751.3333,-4.21,1677.53,569
6/1/2002,5.8,5.15,179.6,911100.1667,-4.2,1615.73,570
7/1/2002,5.8,5.15,180,881449,-4.19,1403.8,571
8/1/2002,5.7,5.15,180.5,851797.8333,-4.266666667,1280,572
9/1/2002,5.7,5.15,180.8,822146.6667,-4.343333333,1314.85,573
10/1/2002,5.7,5.15,181.2,792495.5,-4.42,1213.72,574
11/1/2002,5.9,5.15,181.5,762844.3333,-4.543333333,1360.7,575
12/1/2002,6,5.15,181.8,733193.1667,-4.666666667,1478.78,576
1/1/2003,5.8,5.15,182.6,703542,-4.79,1335.51,577
2/1/2003,5.9,5.15,183.6,724737.0833,-4.71,1320.91,578
3/1/2003,5.9,5.15,183.9,745932.1667,-4.63,1337.52,579
4/1/2003,6,5.15,183.2,767127.25,-4.55,1348.3,580
5/1/2003,6.1,5.15,182.9,788322.3333,-4.516666667,1472.56,581
6/1/2003,6.3,5.15,183.1,809517.4167,-4.483333333,1595.91,582
7/1/2003,6.2,5.15,183.7,830712.5,-4.45,1640.13,583
8/1/2003,6.1,5.15,184.5,851907.5833,-4.38,1715.62,584
9/1/2003,6.1,5.15,185.1,873102.6667,-4.31,1810.45,585
10/1/2003,6,5.15,184.9,894297.75,-4.24,1832.25,586
11/1/2003,5.8,5.15,185,915492.8333,-4.346666667,1932.21,587
12/1/2003,5.7,5.15,185.5,936687.9167,-4.453333333,1989.82,588
1/1/2004,5.7,5.15,186.3,957883,-4.56,2003.37,589
2/1/2004,5.6,5.15,186.7,971580.8333,-4.743333333,2066.15,590
3/1/2004,5.8,5.15,187.1,985278.6667,-4.926666667,2057.8,591
4/1/2004,5.6,5.15,187.4,998976.5,-5.11,2015.01,592
5/1/2004,5.6,5.15,188.2,1012674.333,-5.113333333,1920.15,593
6/1/2004,5.6,5.15,188.9,1026372.167,-5.116666667,1990.77,594
7/1/2004,5.5,5.15,189.1,1040070,-5.12,2015.55,595
8/1/2004,5.4,5.15,189.2,1053767.833,-5.306666667,1887.36,596
9/1/2004,5.4,5.15,189.8,1067465.667,-5.493333333,1850.41,597
10/1/2004,5.5,5.15,190.8,1081163.5,-5.68,1942.2,598
11/1/2004,5.4,5.15,191.7,1094861.333,-5.546666667,1979.87,599
12/1/2004,5.4,5.15,191.7,1108559.167,-5.413333333,2138.23,600
1/1/2005,5.3,5.15,191.6,1122257,-5.28,2175.44,601
2/1/2005,5.4,5.15,192.4,1134246.333,-5.353333333,2068.7,602
3/1/2005,5.2,5.15,193.1,1146235.667,-5.426666667,2071.25,603
4/1/2005,5.2,5.15,193.7,1158225,-5.5,1984.81,604
5/1/2005,5.1,5.15,193.6,1170214.333,-5.53,1921.65,605
6/1/2005,5,5.15,193.7,1182203.667,-5.56,2087.86,606
7/1/2005,5,5.15,194.9,1194193,-5.59,2057.37,607
8/1/2005,4.9,5.15,196.1,1206182.333,-5.796666667,2195.38,608
9/1/2005,5,5.15,198.8,1218171.667,-6.003333333,2147.9,609
10/1/2005,5,5.15,199.1,1230161,-6.21,2151.69,610
11/1/2005,5,5.15,198.1,1242150.333,-6.056666667,2114.05,611
12/1/2005,4.9,5.15,198.1,1254139.667,-5.903333333,2267.17,612
1/1/2006,4.7,5.15,199.3,1266129,-5.75,2205.32,613
2/1/2006,4.8,5.15,199.4,1248319.5,-5.77,2310.56,614
3/1/2006,4.7,5.15,199.7,1230510,-5.79,2314.64,615
4/1/2006,4.7,5.15,200.7,1212700.5,-5.81,2339.79,616
5/1/2006,4.6,5.15,201.3,1194891,-5.93,2304.79,617
6/1/2006,4.6,5.15,201.8,1177081.5,-6.05,2219.86,618
7/1/2006,4.7,5.15,202.9,1159272,-6.17,2172.09,619
8/1/2006,4.7,5.15,203.8,1141462.5,-5.89,2061.99,620
9/1/2006,4.5,5.15,202.8,1123653,-5.61,2193.16,621
10/1/2006,4.4,5.15,201.9,1105843.5,-5.33,2258.43,622
11/1/2006,4.5,5.15,202,1088034,-5.413333333,2334.35,623
12/1/2006,4.4,5.15,203.1,1070224.5,-5.496666667,2413.21,624
1/1/2007,4.6,5.15,203.437,1052415,-5.58,2415.29,625
2/1/2007,4.5,5.15,204.226,1056974.25,-5.46,2468.38,626
3/1/2007,4.4,5.15,205.288,1061533.5,-5.34,2404.21,627
4/1/2007,4.5,5.15,205.904,1066092.75,-5.22,2421.64,628
5/1/2007,4.4,5.15,206.755,1070652,-5.026666667,2531.53,629
6/1/2007,4.6,5.15,207.234,1075211.25,-4.833333333,2613.92,630
7/1/2007,4.7,5.85,207.603,1079770.5,-4.64,2603.23,631
8/1/2007,4.6,5.85,207.667,1084329.75,-4.523333333,2553.87,632
9/1/2007,4.7,5.85,208.547,1088889,-4.406666667,2596.36,633
10/1/2007,4.7,5.85,209.19,1093448.25,-4.29,2740.99,634
11/1/2007,4.7,5.85,210.834,1098007.5,-4.493333333,2794.83,635
12/1/2007,5,5.85,211.445,1102566.75,-4.696666667,2660.96,636
1/1/2008,5,5.85,212.174,1107126,-4.9,2652.28,637
2/1/2008,4.9,5.85,212.687,1109100.333,-4.856666667,2413.36,638
3/1/2008,5.1,5.85,213.448,1111074.667,-4.813333333,2271.48,639
4/1/2008,5,5.85,213.942,1113049,-4.77,2362.75,640
5/1/2008,5.4,5.85,215.208,1115023.333,-4.75,2480.71,641
6/1/2008,5.6,5.85,217.463,1116997.667,-4.73,2522.66,642
7/1/2008,5.8,6.55,219.016,1118972,-4.71,2304.97,643
8/1/2008,6.1,6.55,218.69,1120946.333,-4.52,2310.96,644
9/1/2008,6.1,6.55,218.877,1122920.667,-4.33,2367.52,645
10/1/2008,6.5,6.55,216.995,1124895,-4.14,2069.4,646
11/1/2008,6.8,6.55,213.153,1126869.333,-3.653333333,1720.95,647
12/1/2008,7.3,6.55,211.398,1128843.667,-3.166666667,1398.07,648
1/1/2009,7.8,6.55,211.933,1130818,-2.68,1577.03,649
2/1/2009,8.3,6.55,212.705,1123468.583,-2.606666667,1476.42,650
3/1/2009,8.7,6.55,212.495,1116119.167,-2.533333333,1377.84,651
4/1/2009,9,6.55,212.709,1108769.75,-2.46,1551.6,652
5/1/2009,9.4,6.55,213.022,1101420.333,-2.51,1719.2,653
6/1/2009,9.5,6.55,214.79,1094070.917,-2.56,1828.68,654
7/1/2009,9.5,7.25,214.726,1086721.5,-2.61,1845.72,655
8/1/2009,9.6,7.25,215.445,1079372.083,-2.686666667,1978.5,656
9/1/2009,9.8,7.25,215.861,1072022.667,-2.763333333,1968.89,657
10/1/2009,10,7.25,216.509,1064673.25,-2.84,2057.48,658
11/1/2009,9.9,7.25,217.234,1057323.833,-2.886666667,2045.11,659
12/1/2009,9.9,7.25,217.347,1049974.417,-2.933333333,2175.81,660
1/1/2010,9.8,7.25,217.488,1042625,-2.98,2269.15,661
2/1/2010,9.8,7.25,217.281,1044242.917,-3.02,2171.2,662
3/1/2010,9.9,7.25,217.353,1045860.833,-3.06,2273.57,663
4/1/2010,9.9,7.25,217.403,1047478.75,-3.1,2402.58,664
5/1/2010,9.6,7.25,217.29,1049096.667,-3.133333333,2461.19,665
6/1/2010,9.4,7.25,217.199,1050714.583,-3.166666667,2222.33,666
7/1/2010,9.4,7.25,217.605,1052332.5,-3.2,2101.36,667
8/1/2010,9.5,7.25,217.923,1053950.417,-3.046666667,2254.7,668
9/1/2010,9.5,7.25,218.275,1055568.333,-2.893333333,2176.84,669
10/1/2010,9.4,7.25,219.035,1057186.25,-2.74,2370.75,670
11/1/2010,9.8,7.25,219.59,1058804.167,-2.846666667,2504.84,671
12/1/2010,9.3,7.25,220.472,1060422.083,-2.953333333,2549.43,672
1/1/2011,9.1,7.25,221.187,1062040,-3.06,2652.87,673
2/1/2011,9,7.25,221.898,1059505.917,-3.066666667,2751.19,674
3/1/2011,9,7.25,223.046,1056971.833,-3.073333333,2737.41,675
4/1/2011,9.1,7.25,224.093,1054437.75,-3.08,2789.6,676
5/1/2011,9,7.25,224.806,1051903.667,-2.956666667,2873.54,677
6/1/2011,9.1,7.25,224.806,1049369.583,-2.833333333,2769.19,678
7/1/2011,9,7.25,225.395,1046835.5,-2.71,2816.03,679
8/1/2011,9,7.25,226.106,1044301.417,-2.79,2744.61,680
9/1/2011,9,7.25,226.597,1041767.333,-2.87,2546.04,681
10/1/2011,8.8,7.25,226.75,1039233.25,-2.95,2415.4,682
11/1/2011,8.6,7.25,227.169,1036699.167,-2.976666667,2606.96,683
12/1/2011,8.5,7.25,227.223,1034165.083,-3.003333333,2626.2,684
1/1/2012,8.3,7.25,227.842,1031631,-3.03,2605.15,685
2/1/2012,8.3,7.25,228.329,1028207.833,-2.933333333,2848.27,686
3/1/2012,8.2,7.25,228.807,1024784.667,-2.836666667,2988.97,687
4/1/2012,8.2,7.25,229.187,1021361.5,-2.74,3091.57,688
5/1/2012,8.2,7.25,228.713,1017938.333,-2.703333333,3050.44,689
6/1/2012,8.2,7.25,228.524,1014515.167,-2.666666667,2747.48,690
7/1/2012,8.2,7.25,228.59,1011092,-2.63,2935.06,691
8/1/2012,8.1,7.25,229.918,1007668.833,-2.59,2920.21,692
9/1/2012,7.8,7.25,231.015,1004245.667,-2.55,3066.96,693
10/1/2012,7.8,7.25,231.638,1000822.5,-2.51,3113.53,694
11/1/2012,7.7,7.25,231.249,997399.3333,-2.523333333,3020.06,695
12/1/2012,7.9,7.25,231.221,993976.1667,-2.536666667,3010.24,696
1/1/2013,8,7.25,231.612,990553,-2.55,3019.51,697
2/1/2013,7.7,7.25,232.985,992716.75,-2.48,3179.1,698
3/1/2013,7.5,7.25,232.299,994880.5,-2.41,3169.74,699
4/1/2013,7.6,7.25,231.795,997044.25,-2.34,3239.17,700
5/1/2013,7.5,7.25,231.916,999208,-2.326666667,3299.13,701
6/1/2013,7.5,7.25,232.374,1001371.75,-2.313333333,3455.91,702
7/1/2013,7.3,7.25,232.889,1003535.5,-2.3,3434.49,703
8/1/2013,7.3,7.25,233.323,1005699.25,-2.17,3675.74,704
9/1/2013,7.2,7.25,233.632,1007863,-2.04,3589.87,705
10/1/2013,7.2,7.25,233.718,1010026.75,-1.91,3817.98,706
11/1/2013,6.9,7.25,234.121,1012190.5,,3922.04,707
12/1/2013,6.7,7.25,234.723,1014354.25,,4059.89,708
1/1/2014,6.6,7.25,235.385,1016518,,4176.59,709
2/1/2014,6.7,7.25,235.672,1019394.083,,4103.88,710
3/1/2014,6.7,7.25,235.978,1022270.167,,4308.12,711
4/1/2014,6.2,7.25,236.471,1025146.25,,4268.04,712
5/1/2014,6.3,7.25,236.832,1028022.333,,4127.45,713
6/1/2014,6.1,7.25,237.029,1030898.417,,4242.62,714
7/1/2014,6.2,7.25,237.424,1033774.5,,4458.65,715
8/1/2014,6.2,7.25,237.256,1036650.583,,4352.64,716
9/1/2014,5.9,7.25,237.486,1039526.667,,4580.27,717
10/1/2014,5.7,7.25,237.506,1042402.75,,4422.09,718
11/1/2014,5.8,7.25,237.118,1045278.833,,4630.74,719
12/1/2014,5.6,7.25,236.29,1048154.917,,4727.35,720
1/1/2015,5.7,7.25,234.913,1051031,,4736.05,721
2/1/2015,5.5,7.25,235.489,,,4635.24,722
3/1/2015,5.4,7.25,235.989,,,4963.53,723
4/1/2015,5.4,7.25,236.201,,,4880.23,724
5/1/2015,5.5,7.25,236.891,,,5005.39,725
6/1/2015,5.3,7.25,237.419,,,5082.93,726
7/1/2015,5.2,7.25,237.876,,,5013.12,727
8/1/2015,5.1,7.25,237.811,,,5128.28,728
9/1/2015,5,7.25,237.467,,,4636.11,729
10/1/2015,5,7.25,237.792,,,4627.08,730
11/1/2015,5,7.25,238.153,,,5053.75,731
12/1/2015,5,7.25,237.846,,,5156.31,732
1/1/2016,4.9,7.25,238.106,,,5007.41,733
2/1/2016,4.9,7.25,237.808,,,4620.37,734
3/1/2016,5,7.25,238.078,,,4689.6,735
4/1/2016,5,7.25,238.908,,,4914.54,736
5/1/2016,4.7,7.25,239.362,,,4775.36,737
6/1/2016,4.9,7.25,239.842,,,4952.25,738
7/1/2016,4.9,7.25,239.898,,,4862.57,739
8/1/2016,4.9,7.25,240.389,,,5184.2,740
9/1/2016,4.9,7.25,241.006,,,5227.21,741
10/1/2016,4.8,7.25,241.694,,,5312,742
11/1/2016,4.6,7.25,242.199,,,5153.58,743
12/1/2016,4.7,7.25,242.821,,,5251.11,744
1/1/2017,4.8,7.25,244.158,,,5383.12,745
2/1/2017,4.7,7.25,244.456,,,5642.65,746
3/1/2017,4.5,7.25,243.752,,,5904.03,747
4/1/2017,4.4,7.25,244.158,,,5911.74,748
5/1/2017,4.3,7.25,243.846,,,6091.6,749
6/1/2017,4.4,7.25,243.79,,,6246.83,750
7/1/2017,4.3,7.25,244.048,,,6140.42,751
8/1/2017,4.4,7.25,245.03,,,6362.94,752
9/1/2017,4.2,7.25,246.373,,,6435.33,753
10/1/2017,4.1,7.25,246.639,,,6495.96,754
11/1/2017,4.1,7.25,247.592,,,6716.53,755
